{
  "halawi": {
    "n": 200,
    "brier_baseline": 0.0842675,
    "brier_anchored": 0.05969200000000001,
    "brier_community": 0.057901553050000006,
    "brier_naive": 0.25,
    "ci_baseline": [
      0.05779611249999999,
      0.11208727499999997
    ],
    "ci_anchored": [
      0.041992937499999994,
      0.07933905
    ],
    "improvement_pct": 29.163675200996813,
    "t_statistic": 2.0580941663169363,
    "p_value": 0.04088433244804421,
    "effect_size_d": 0.1458944271773262,
    "ece_baseline": 0.06535,
    "ece_anchored": 0.0818,
    "calibration_baseline": [
      [
        0.029803921568627448,
        0.1493103448275862,
        0.24571428571428572,
        0.347,
        0.42500000000000004,
        0.5,
        0.6772727272727274,
        0.75,
        0.85,
        0.9711111111111109
      ],
      [
        0.0392156862745098,
        0.20689655172413793,
        0.07142857142857142,
        0.2,
        0.0,
        0.0,
        0.9090909090909091,
        1.0,
        0.9090909090909091,
        0.8888888888888888
      ],
      [
        102.0,
        29.0,
        14.0,
        10.0,
        2.0,
        1.0,
        11.0,
        2.0,
        11.0,
        18.0
      ]
    ],
    "calibration_anchored": [
      [
        0.032040816326530615,
        0.13388888888888884,
        0.25916666666666666,
        0.35000000000000003,
        0.43600000000000005,
        0.5316666666666667,
        0.664,
        0.7466666666666666,
        0.8366666666666666,
        0.9476923076923077
      ],
      [
        0.0,
        0.1111111111111111,
        0.0,
        0.7142857142857143,
        0.6,
        0.8333333333333334,
        1.0,
        0.7777777777777778,
        1.0,
        1.0
      ],
      [
        98.0,
        36.0,
        12.0,
        7.0,
        5.0,
        6.0,
        5.0,
        9.0,
        9.0,
        13.0
      ]
    ]
  },
  "kalshi": {
    "n": 200,
    "brier_baseline": 0.2544805,
    "brier_anchored": 0.2491335,
    "brier_community": null,
    "brier_naive": 0.25,
    "ci_baseline": [
      0.21342426250000002,
      0.299939275
    ],
    "ci_anchored": [
      0.20892872499999998,
      0.2918468
    ],
    "improvement_pct": 2.1011433096052508,
    "t_statistic": 0.8393158039624299,
    "p_value": 0.4022992548912173,
    "effect_size_d": 0.05949751978333825,
    "ece_baseline": 0.19005000000000002,
    "ece_anchored": 0.20684999999999998,
    "calibration_baseline": [
      [
        0.04308641975308642,
        0.16236842105263155,
        0.25,
        0.3545454545454545,
        0.43199999999999994,
        0.55,
        0.6511764705882354,
        0.7285714285714285,
        0.85,
        0.9314285714285714
      ],
      [
        0.2716049382716049,
        0.47368421052631576,
        0.3333333333333333,
        0.45454545454545453,
        0.4,
        0.3333333333333333,
        0.47058823529411764,
        0.7142857142857143,
        0.8333333333333334,
        1.0
      ],
      [
        81.0,
        38.0,
        9.0,
        22.0,
        10.0,
        3.0,
        17.0,
        7.0,
        6.0,
        7.0
      ]
    ],
    "calibration_anchored": [
      [
        0.04397260273972603,
        0.1557142857142857,
        0.254375,
        0.3499999999999999,
        0.43636363636363634,
        0.5599999999999999,
        0.65,
        0.7366666666666667,
        0.8499999999999999,
        0.9366666666666669
      ],
      [
        0.2465753424657534,
        0.5,
        0.3125,
        0.47619047619047616,
        0.2727272727272727,
        0.6,
        0.3,
        0.8888888888888888,
        1.0,
        0.8333333333333334
      ],
      [
        73.0,
        42.0,
        16.0,
        21.0,
        11.0,
        5.0,
        10.0,
        9.0,
        7.0,
        6.0
      ]
    ]
  }
}